insert into factories ("factoryId", "factoryName") values (1, 'Blick LLC');
insert into factories ("factoryId", "factoryName") values (2, 'Klein-Ledner');
insert into factories ("factoryId", "factoryName") values (3, 'Bogan, Lowe and Balistreri');
insert into factories ("factoryId", "factoryName") values (4, 'Stamm Group');
insert into factories ("factoryId", "factoryName") values (5, 'Balistreri-Lind');
insert into factories ("factoryId", "factoryName") values (6, 'Jast-Bauch');
insert into factories ("factoryId", "factoryName") values (7, 'Kuphal Inc');
insert into factories ("factoryId", "factoryName") values (8, 'Koepp Inc');
insert into factories ("factoryId", "factoryName") values (9, 'Quigley LLC');
insert into factories ("factoryId", "factoryName") values (10, 'Brakus, Nolan and Pollich');


insert into products ("productCode", "productName", "productPrice", "factoryId") values (1, 'Pain Relief', 93, 2);
insert into products ("productCode", "productName", "productPrice", "factoryId") values (2, 'Pioglitazone Hydrochloride', 79, 5);
insert into products ("productCode", "productName", "productPrice", "factoryId") values (3, 'pain relief', 14, 10);
insert into products ("productCode", "productName", "productPrice", "factoryId") values (4, 'Povidone Iodine Prep Pad', 13, 4);
insert into products ("productCode", "productName", "productPrice", "factoryId") values (5, 'night time', 8, 6);
insert into products ("productCode", "productName", "productPrice", "factoryId") values (6, 'Monistat 7', 22, 5);
insert into products ("productCode", "productName", "productPrice", "factoryId") values (7, 'East Sycamore', 96, 2);
insert into products ("productCode", "productName", "productPrice", "factoryId") values (8, 'Supreme Shield', 25, 6);
insert into products ("productCode", "productName", "productPrice", "factoryId") values (9, 'No7 Lift and Luminate Foundation Sunscreen Broad Spectrum SPF 15 Calico', 16, 4);
insert into products ("productCode", "productName", "productPrice", "factoryId") values (10, 'JUNIPERUS VIRGINIANA POLLEN', 32, 10);
insert into products ("productCode", "productName", "productPrice", "factoryId") values (11, 'anti bacterial hand sanitizer', 79, 3);
insert into products ("productCode", "productName", "productPrice", "factoryId") values (12, 'Topcare Sore Throat', 95, 7);
insert into products ("productCode", "productName", "productPrice", "factoryId") values (13, 'CENTER-AL - HOUSE DUST', 4, 6);
insert into products ("productCode", "productName", "productPrice", "factoryId") values (14, 'Oxycodone and Acetaminophen', 53, 7);
insert into products ("productCode", "productName", "productPrice", "factoryId") values (15, 'Buspirone Hydrochloride', 45, 6);
insert into products ("productCode", "productName", "productPrice", "factoryId") values (16, 'Cold Spot', 61, 2);
insert into products ("productCode", "productName", "productPrice", "factoryId") values (17, 'Anastrozole', 28, 3);
insert into products ("productCode", "productName", "productPrice", "factoryId") values (18, 'Hydroxyzine Hydrochloride', 11, 2);
insert into products ("productCode", "productName", "productPrice", "factoryId") values (19, 'Clindamycin hydrochloride', 33, 10);
insert into products ("productCode", "productName", "productPrice", "factoryId") values (20, 'Pacerone', 84, 7);
insert into products ("productCode", "productName", "productPrice", "factoryId") values (21, 'Fiber Caps', 38, 4);
insert into products ("productCode", "productName", "productPrice", "factoryId") values (22, 'Sugar Cravings', 17, 8);
insert into products ("productCode", "productName", "productPrice", "factoryId") values (23, 'Plum Emergency Eyewash pH Neutralizing', 51, 5);
insert into products ("productCode", "productName", "productPrice", "factoryId") values (24, 'Ofloxacin', 25, 7);
insert into products ("productCode", "productName", "productPrice", "factoryId") values (25, 'Organoplex', 86, 8);
insert into products ("productCode", "productName", "productPrice", "factoryId") values (26, 'NITRO-TIME', 79, 5);
insert into products ("productCode", "productName", "productPrice", "factoryId") values (27, 'SENSORCAINE', 21, 10);
insert into products ("productCode", "productName", "productPrice", "factoryId") values (28, 'TUSSIN COUGH', 87, 3);
insert into products ("productCode", "productName", "productPrice", "factoryId") values (29, 'Skin Defense Concealer Broad Spectrum SPF 15', 38, 9);
insert into products ("productCode", "productName", "productPrice", "factoryId") values (30, 'PROMETHAZINE HYDROCHLORIDE', 64, 10);
insert into products ("productCode", "productName", "productPrice", "factoryId") values (31, 'Lamivudine', 32, 9);
insert into products ("productCode", "productName", "productPrice", "factoryId") values (32, 'Tigan', 27, 10);
insert into products ("productCode", "productName", "productPrice", "factoryId") values (33, 'Colloidal Iodine', 40, 7);
insert into products ("productCode", "productName", "productPrice", "factoryId") values (34, 'REVERSE IT KIT', 19, 3);
insert into products ("productCode", "productName", "productPrice", "factoryId") values (35, 'Rhodotorula mucilaginosa', 57, 6);
insert into products ("productCode", "productName", "productPrice", "factoryId") values (36, 'Zonalon', 83, 7);
insert into products ("productCode", "productName", "productPrice", "factoryId") values (37, 'Instant Hand Sanitizer', 18, 9);
insert into products ("productCode", "productName", "productPrice", "factoryId") values (38, 'Fosrenol', 84, 1);
insert into products ("productCode", "productName", "productPrice", "factoryId") values (39, 'Metformin Hydrochloride', 95, 10);
insert into products ("productCode", "productName", "productPrice", "factoryId") values (40, 'SyFungin', 55, 3);
insert into products ("productCode", "productName", "productPrice", "factoryId") values (41, 'Epstein Barr Virus Remedy', 1, 3);
insert into products ("productCode", "productName", "productPrice", "factoryId") values (42, 'Allopurinol', 95, 5);
insert into products ("productCode", "productName", "productPrice", "factoryId") values (43, 'Multi Sympton Cold Day Night', 17, 6);
insert into products ("productCode", "productName", "productPrice", "factoryId") values (44, 'Treatment Set TS333373', 83, 6);
insert into products ("productCode", "productName", "productPrice", "factoryId") values (45, 'Mucinex D', 14, 10);
insert into products ("productCode", "productName", "productPrice", "factoryId") values (46, 'ibuprofen', 20, 7);
insert into products ("productCode", "productName", "productPrice", "factoryId") values (47, 'Diethylpropion HCl Controlled-Release', 43, 2);
insert into products ("productCode", "productName", "productPrice", "factoryId") values (48, 'Zyvox', 55, 7);
insert into products ("productCode", "productName", "productPrice", "factoryId") values (49, 'Hydrocortisone Maximum Strength with Aloe', 39, 1);
insert into products ("productCode", "productName", "productPrice", "factoryId") values (50, 'OATS FOOD', 42, 7);

insert into clients ("clientId", "clientName", "clientAddress") values (1, 'Brockhouse', '41890 Butternut Court');
insert into clients ("clientId", "clientName", "clientAddress") values (2, 'Oxburgh', '9076 Sachtjen Lane');
insert into clients ("clientId", "clientName", "clientAddress") values (3, 'Mocker', '6 Lake View Alley');
insert into clients ("clientId", "clientName", "clientAddress") values (4, 'Faldoe', '457 Rutledge Junction');
insert into clients ("clientId", "clientName", "clientAddress") values (5, 'Krzyzowski', '13515 Maple Wood Park');
insert into clients ("clientId", "clientName", "clientAddress") values (6, 'Ivanyushkin', '2186 Washington Pass');
insert into clients ("clientId", "clientName", "clientAddress") values (7, 'Maltman', '3 Sachs Plaza');
insert into clients ("clientId", "clientName", "clientAddress") values (8, 'Pagram', '7 Marcy Point');
insert into clients ("clientId", "clientName", "clientAddress") values (9, 'McPartlin', '7294 Sheridan Center');
insert into clients ("clientId", "clientName", "clientAddress") values (10, 'Nichol', '514 Ruskin Terrace');
insert into clients ("clientId", "clientName", "clientAddress") values (11, 'Crossfield', '387 Rieder Crossing');
insert into clients ("clientId", "clientName", "clientAddress") values (12, 'Goracci', '42783 Meadow Valley Pass');
insert into clients ("clientId", "clientName", "clientAddress") values (13, 'Spores', '02 Stone Corner Circle');
insert into clients ("clientId", "clientName", "clientAddress") values (14, 'Musico', '79952 Coolidge Crossing');
insert into clients ("clientId", "clientName", "clientAddress") values (15, 'Malpass', '4516 Fordem Park');
insert into clients ("clientId", "clientName", "clientAddress") values (16, 'Blose', '45250 Logan Court');
insert into clients ("clientId", "clientName", "clientAddress") values (17, 'Wolters', '33084 Old Gate Place');
insert into clients ("clientId", "clientName", "clientAddress") values (18, 'De Blase', '4154 North Point');
insert into clients ("clientId", "clientName", "clientAddress") values (19, 'Pettyfer', '949 Sunfield Alley');
insert into clients ("clientId", "clientName", "clientAddress") values (20, 'Franciskiewicz', '684 Haas Drive');
insert into clients ("clientId", "clientName", "clientAddress") values (21, 'Jenson', '84265 Kensington Parkway');
insert into clients ("clientId", "clientName", "clientAddress") values (22, 'Bigrigg', '0529 Waywood Alley');
insert into clients ("clientId", "clientName", "clientAddress") values (23, 'Husher', '5976 Pawling Alley');
insert into clients ("clientId", "clientName", "clientAddress") values (24, 'Milliken', '96984 Morrow Center');
insert into clients ("clientId", "clientName", "clientAddress") values (25, 'Wollrauch', '239 Northport Trail');
insert into clients ("clientId", "clientName", "clientAddress") values (26, 'Hakonsen', '726 Mcguire Crossing');
insert into clients ("clientId", "clientName", "clientAddress") values (27, 'Farmloe', '5 Straubel Junction');
insert into clients ("clientId", "clientName", "clientAddress") values (28, 'Kibbel', '864 Reinke Junction');
insert into clients ("clientId", "clientName", "clientAddress") values (29, 'Dondon', '381 Weeping Birch Hill');
insert into clients ("clientId", "clientName", "clientAddress") values (30, 'Dumini', '141 Birchwood Place');
insert into clients ("clientId", "clientName", "clientAddress") values (31, 'Muir', '6354 Holy Cross Avenue');
insert into clients ("clientId", "clientName", "clientAddress") values (32, 'Bales', '0811 Clyde Gallagher Parkway');
insert into clients ("clientId", "clientName", "clientAddress") values (33, 'Letteresse', '82018 Carberry Plaza');
insert into clients ("clientId", "clientName", "clientAddress") values (34, 'Brum', '1360 Oak Valley Court');
insert into clients ("clientId", "clientName", "clientAddress") values (35, 'Graver', '8186 Moulton Plaza');
insert into clients ("clientId", "clientName", "clientAddress") values (36, 'Roome', '230 Susan Trail');
insert into clients ("clientId", "clientName", "clientAddress") values (37, 'Botten', '1 Del Mar Point');
insert into clients ("clientId", "clientName", "clientAddress") values (38, 'Kynson', '26 Havey Avenue');
insert into clients ("clientId", "clientName", "clientAddress") values (39, 'Vaulkhard', '91983 Coolidge Junction');
insert into clients ("clientId", "clientName", "clientAddress") values (40, 'Edington', '710 David Avenue');
insert into clients ("clientId", "clientName", "clientAddress") values (41, 'Jakoviljevic', '7 Almo Parkway');
insert into clients ("clientId", "clientName", "clientAddress") values (42, 'Beekman', '98519 Duke Drive');
insert into clients ("clientId", "clientName", "clientAddress") values (43, 'Bompass', '58 Dakota Crossing');
insert into clients ("clientId", "clientName", "clientAddress") values (44, 'Tennison', '3 Florence Park');
insert into clients ("clientId", "clientName", "clientAddress") values (45, 'Richardes', '407 Trailsway Crossing');
insert into clients ("clientId", "clientName", "clientAddress") values (46, 'Cady', '9 Leroy Drive');
insert into clients ("clientId", "clientName", "clientAddress") values (47, 'Lazenby', '32120 Everett Point');
insert into clients ("clientId", "clientName", "clientAddress") values (48, 'Olyfat', '75518 Westerfield Pass');
insert into clients ("clientId", "clientName", "clientAddress") values (49, 'Moscone', '2614 Drewry Lane');
insert into clients ("clientId", "clientName", "clientAddress") values (50, 'Cosh', '9 Oriole Plaza');
insert into clients ("clientId", "clientName", "clientAddress") values (51, 'Thowes', '23354 Sheridan Place');
insert into clients ("clientId", "clientName", "clientAddress") values (52, 'Bowkley', '8075 Cottonwood Trail');
insert into clients ("clientId", "clientName", "clientAddress") values (53, 'Lockery', '98166 Messerschmidt Place');
insert into clients ("clientId", "clientName", "clientAddress") values (54, 'Barrasse', '85425 West Road');
insert into clients ("clientId", "clientName", "clientAddress") values (55, 'Kerman', '59471 Pepper Wood Terrace');
insert into clients ("clientId", "clientName", "clientAddress") values (56, 'Coleborn', '9 Delaware Circle');
insert into clients ("clientId", "clientName", "clientAddress") values (57, 'Shortall', '117 Summerview Street');
insert into clients ("clientId", "clientName", "clientAddress") values (58, 'Soame', '05 Morrow Center');
insert into clients ("clientId", "clientName", "clientAddress") values (59, 'Raye', '95 Almo Park');
insert into clients ("clientId", "clientName", "clientAddress") values (60, 'Pennick', '5 Northridge Junction');
insert into clients ("clientId", "clientName", "clientAddress") values (61, 'Cansdall', '7 Cottonwood Alley');
insert into clients ("clientId", "clientName", "clientAddress") values (62, 'Millmore', '84 Forster Plaza');
insert into clients ("clientId", "clientName", "clientAddress") values (63, 'Van Rembrandt', '8 Shasta Center');
insert into clients ("clientId", "clientName", "clientAddress") values (64, 'Drake', '60 Hudson Circle');
insert into clients ("clientId", "clientName", "clientAddress") values (65, 'Kilner', '871 Artisan Alley');
insert into clients ("clientId", "clientName", "clientAddress") values (66, 'Rowes', '26 Pierstorff Point');
insert into clients ("clientId", "clientName", "clientAddress") values (67, 'Houlahan', '17 Kim Circle');
insert into clients ("clientId", "clientName", "clientAddress") values (68, 'Brunsen', '82 Bowman Trail');
insert into clients ("clientId", "clientName", "clientAddress") values (69, 'Kloisner', '814 Daystar Drive');
insert into clients ("clientId", "clientName", "clientAddress") values (70, 'Cardus', '9392 David Parkway');

insert into contracts ("contractId", "clientId", "contractFulfilledOn") values (1, 1, '2020-01-20');
insert into contracts ("contractId", "clientId", "contractFulfilledOn") values (2, 2, '2019-06-21');
insert into contracts ("contractId", "clientId", "contractFulfilledOn") values (3, 3, '2020-01-30');
insert into contracts ("contractId", "clientId", "contractFulfilledOn") values (4, 4, '2019-11-18');
insert into contracts ("contractId", "clientId", "contractFulfilledOn") values (5, 5, '2019-11-02');
insert into contracts ("contractId", "clientId", "contractFulfilledOn") values (6, 6, '2020-01-14');
insert into contracts ("contractId", "clientId", "contractFulfilledOn") values (7, 7, '2019-11-23');
insert into contracts ("contractId", "clientId", "contractFulfilledOn") values (8, 8, '2019-09-25');
insert into contracts ("contractId", "clientId", "contractFulfilledOn") values (9, 9, '2019-10-01');
insert into contracts ("contractId", "clientId", "contractFulfilledOn") values (10, 10, '2020-03-10');
insert into contracts ("contractId", "clientId", "contractFulfilledOn") values (11, 11, '2019-07-16');
insert into contracts ("contractId", "clientId", "contractFulfilledOn") values (12, 12, '2019-09-25');
insert into contracts ("contractId", "clientId", "contractFulfilledOn") values (13, 13, '2020-01-22');
insert into contracts ("contractId", "clientId", "contractFulfilledOn") values (14, 14, '2019-10-10');
insert into contracts ("contractId", "clientId", "contractFulfilledOn") values (15, 15, '2019-09-05');
insert into contracts ("contractId", "clientId", "contractFulfilledOn") values (16, 16, '2020-02-24');
insert into contracts ("contractId", "clientId", "contractFulfilledOn") values (17, 17, '2020-03-02');
insert into contracts ("contractId", "clientId", "contractFulfilledOn") values (18, 18, '2019-09-25');
insert into contracts ("contractId", "clientId", "contractFulfilledOn") values (19, 19, '2020-01-01');
insert into contracts ("contractId", "clientId", "contractFulfilledOn") values (20, 20, '2020-03-05');
insert into contracts ("contractId", "clientId", "contractFulfilledOn") values (21, 21, '2019-09-09');
insert into contracts ("contractId", "clientId", "contractFulfilledOn") values (22, 22, '2019-09-01');
insert into contracts ("contractId", "clientId", "contractFulfilledOn") values (23, 23, '2019-09-18');
insert into contracts ("contractId", "clientId", "contractFulfilledOn") values (24, 24, '2019-11-20');
insert into contracts ("contractId", "clientId", "contractFulfilledOn") values (25, 25, '2019-10-10');
insert into contracts ("contractId", "clientId", "contractFulfilledOn") values (26, 26, '2020-04-21');
insert into contracts ("contractId", "clientId", "contractFulfilledOn") values (27, 27, '2020-01-23');
insert into contracts ("contractId", "clientId", "contractFulfilledOn") values (28, 28, '2020-04-05');
insert into contracts ("contractId", "clientId", "contractFulfilledOn") values (29, 29, '2020-03-02');
insert into contracts ("contractId", "clientId", "contractFulfilledOn") values (30, 30, '2019-09-29');
insert into contracts ("contractId", "clientId", "contractFulfilledOn") values (31, 31, '2019-11-12');
insert into contracts ("contractId", "clientId", "contractFulfilledOn") values (32, 32, '2020-03-09');
insert into contracts ("contractId", "clientId", "contractFulfilledOn") values (33, 33, '2020-04-08');
insert into contracts ("contractId", "clientId", "contractFulfilledOn") values (34, 34, '2020-05-30');
insert into contracts ("contractId", "clientId", "contractFulfilledOn") values (35, 35, '2020-05-23');
insert into contracts ("contractId", "clientId", "contractFulfilledOn") values (36, 36, '2019-08-24');
insert into contracts ("contractId", "clientId", "contractFulfilledOn") values (37, 37, '2019-09-19');
insert into contracts ("contractId", "clientId", "contractFulfilledOn") values (38, 38, '2019-09-17');
insert into contracts ("contractId", "clientId", "contractFulfilledOn") values (39, 39, '2019-07-02');
insert into contracts ("contractId", "clientId", "contractFulfilledOn") values (40, 40, '2020-04-25');
insert into contracts ("contractId", "clientId", "contractFulfilledOn") values (41, 41, '2020-01-06');
insert into contracts ("contractId", "clientId", "contractFulfilledOn") values (42, 42, '2020-03-19');
insert into contracts ("contractId", "clientId", "contractFulfilledOn") values (43, 43, '2019-06-20');
insert into contracts ("contractId", "clientId", "contractFulfilledOn") values (44, 44, '2019-07-28');
insert into contracts ("contractId", "clientId", "contractFulfilledOn") values (45, 45, '2019-09-21');
insert into contracts ("contractId", "clientId", "contractFulfilledOn") values (46, 46, '2020-06-08');
insert into contracts ("contractId", "clientId", "contractFulfilledOn") values (47, 47, '2020-02-24');
insert into contracts ("contractId", "clientId", "contractFulfilledOn") values (48, 48, '2019-09-06');
insert into contracts ("contractId", "clientId", "contractFulfilledOn") values (49, 49, '2020-03-15');
insert into contracts ("contractId", "clientId", "contractFulfilledOn") values (50, 50, '2019-09-09');
insert into contracts ("contractId", "clientId", "contractFulfilledOn") values (51, 51, '2019-08-28');
insert into contracts ("contractId", "clientId", "contractFulfilledOn") values (52, 52, '2019-07-23');
insert into contracts ("contractId", "clientId", "contractFulfilledOn") values (53, 53, '2019-10-15');
insert into contracts ("contractId", "clientId", "contractFulfilledOn") values (54, 54, '2019-10-28');
insert into contracts ("contractId", "clientId", "contractFulfilledOn") values (55, 55, '2020-03-26');
insert into contracts ("contractId", "clientId", "contractFulfilledOn") values (56, 56, '2020-01-27');
insert into contracts ("contractId", "clientId", "contractFulfilledOn") values (57, 57, '2020-01-03');
insert into contracts ("contractId", "clientId", "contractFulfilledOn") values (58, 58, '2019-07-20');
insert into contracts ("contractId", "clientId", "contractFulfilledOn") values (59, 59, '2019-07-20');
insert into contracts ("contractId", "clientId", "contractFulfilledOn") values (60, 60, '2019-11-05');
insert into contracts ("contractId", "clientId", "contractFulfilledOn") values (61, 61, '2019-09-13');
insert into contracts ("contractId", "clientId", "contractFulfilledOn") values (62, 62, '2019-07-16');
insert into contracts ("contractId", "clientId", "contractFulfilledOn") values (63, 63, '2020-02-26');
insert into contracts ("contractId", "clientId", "contractFulfilledOn") values (64, 64, '2019-10-26');
insert into contracts ("contractId", "clientId", "contractFulfilledOn") values (65, 65, '2019-06-26');
insert into contracts ("contractId", "clientId", "contractFulfilledOn") values (66, 66, '2020-01-11');
insert into contracts ("contractId", "clientId", "contractFulfilledOn") values (67, 67, '2019-10-27');
insert into contracts ("contractId", "clientId", "contractFulfilledOn") values (68, 68, '2020-04-13');
insert into contracts ("contractId", "clientId", "contractFulfilledOn") values (69, 69, '2020-02-25');
insert into contracts ("contractId", "clientId", "contractFulfilledOn") values (70, 70, '2020-06-12');

insert into purchases ("purchaseId", "contractId", "productCode", "amount") values (1, 45, 50, 1);
insert into purchases ("purchaseId", "contractId", "productCode", "amount") values (2, 44, 11, 3);
insert into purchases ("purchaseId", "contractId", "productCode", "amount") values (3, 53, 5, 3);
insert into purchases ("purchaseId", "contractId", "productCode", "amount") values (4, 42, 41, 3);
insert into purchases ("purchaseId", "contractId", "productCode", "amount") values (5, 41, 14, 1);
insert into purchases ("purchaseId", "contractId", "productCode", "amount") values (6, 57, 17, 1);
insert into purchases ("purchaseId", "contractId", "productCode", "amount") values (7, 54, 45, 1);
insert into purchases ("purchaseId", "contractId", "productCode", "amount") values (8, 29, 8, 3);
insert into purchases ("purchaseId", "contractId", "productCode", "amount") values (9, 70, 30, 1);
insert into purchases ("purchaseId", "contractId", "productCode", "amount") values (10, 28, 38, 3);
insert into purchases ("purchaseId", "contractId", "productCode", "amount") values (11, 33, 8, 2);
insert into purchases ("purchaseId", "contractId", "productCode", "amount") values (12, 17, 34, 3);
insert into purchases ("purchaseId", "contractId", "productCode", "amount") values (13, 26, 12, 2);
insert into purchases ("purchaseId", "contractId", "productCode", "amount") values (14, 19, 48, 3);
insert into purchases ("purchaseId", "contractId", "productCode", "amount") values (15, 49, 10, 1);
insert into purchases ("purchaseId", "contractId", "productCode", "amount") values (16, 54, 41, 3);
insert into purchases ("purchaseId", "contractId", "productCode", "amount") values (17, 15, 31, 2);
insert into purchases ("purchaseId", "contractId", "productCode", "amount") values (18, 19, 25, 2);
insert into purchases ("purchaseId", "contractId", "productCode", "amount") values (19, 66, 34, 1);
insert into purchases ("purchaseId", "contractId", "productCode", "amount") values (20, 63, 10, 1);
insert into purchases ("purchaseId", "contractId", "productCode", "amount") values (21, 55, 37, 3);
insert into purchases ("purchaseId", "contractId", "productCode", "amount") values (22, 56, 34, 1);
insert into purchases ("purchaseId", "contractId", "productCode", "amount") values (23, 68, 50, 2);
insert into purchases ("purchaseId", "contractId", "productCode", "amount") values (24, 37, 19, 2);
insert into purchases ("purchaseId", "contractId", "productCode", "amount") values (25, 4, 26, 1);
insert into purchases ("purchaseId", "contractId", "productCode", "amount") values (26, 58, 38, 2);
insert into purchases ("purchaseId", "contractId", "productCode", "amount") values (27, 18, 22, 2);
insert into purchases ("purchaseId", "contractId", "productCode", "amount") values (28, 9, 43, 2);
insert into purchases ("purchaseId", "contractId", "productCode", "amount") values (29, 19, 40, 3);
insert into purchases ("purchaseId", "contractId", "productCode", "amount") values (30, 30, 16, 3);
insert into purchases ("purchaseId", "contractId", "productCode", "amount") values (31, 11, 31, 1);
insert into purchases ("purchaseId", "contractId", "productCode", "amount") values (32, 14, 36, 2);
insert into purchases ("purchaseId", "contractId", "productCode", "amount") values (33, 41, 50, 2);
insert into purchases ("purchaseId", "contractId", "productCode", "amount") values (34, 56, 37, 2);
insert into purchases ("purchaseId", "contractId", "productCode", "amount") values (35, 43, 41, 1);
insert into purchases ("purchaseId", "contractId", "productCode", "amount") values (36, 57, 14, 2);
insert into purchases ("purchaseId", "contractId", "productCode", "amount") values (37, 49, 47, 2);
insert into purchases ("purchaseId", "contractId", "productCode", "amount") values (38, 19, 43, 3);
insert into purchases ("purchaseId", "contractId", "productCode", "amount") values (39, 31, 19, 2);
insert into purchases ("purchaseId", "contractId", "productCode", "amount") values (40, 6, 35, 1);
insert into purchases ("purchaseId", "contractId", "productCode", "amount") values (41, 19, 14, 1);
insert into purchases ("purchaseId", "contractId", "productCode", "amount") values (42, 68, 36, 2);
insert into purchases ("purchaseId", "contractId", "productCode", "amount") values (43, 22, 22, 3);
insert into purchases ("purchaseId", "contractId", "productCode", "amount") values (44, 5, 14, 3);
insert into purchases ("purchaseId", "contractId", "productCode", "amount") values (45, 5, 47, 1);
insert into purchases ("purchaseId", "contractId", "productCode", "amount") values (46, 70, 10, 2);
insert into purchases ("purchaseId", "contractId", "productCode", "amount") values (47, 10, 45, 3);
insert into purchases ("purchaseId", "contractId", "productCode", "amount") values (48, 65, 30, 3);
insert into purchases ("purchaseId", "contractId", "productCode", "amount") values (49, 25, 5, 3);
insert into purchases ("purchaseId", "contractId", "productCode", "amount") values (50, 2, 48, 3);
insert into purchases ("purchaseId", "contractId", "productCode", "amount") values (51, 57, 14, 3);
insert into purchases ("purchaseId", "contractId", "productCode", "amount") values (52, 54, 41, 3);
insert into purchases ("purchaseId", "contractId", "productCode", "amount") values (53, 43, 9, 1);
insert into purchases ("purchaseId", "contractId", "productCode", "amount") values (54, 19, 18, 3);
insert into purchases ("purchaseId", "contractId", "productCode", "amount") values (55, 40, 19, 2);
insert into purchases ("purchaseId", "contractId", "productCode", "amount") values (56, 43, 34, 3);
insert into purchases ("purchaseId", "contractId", "productCode", "amount") values (57, 64, 43, 3);
insert into purchases ("purchaseId", "contractId", "productCode", "amount") values (58, 24, 36, 2);
insert into purchases ("purchaseId", "contractId", "productCode", "amount") values (59, 16, 1, 3);
insert into purchases ("purchaseId", "contractId", "productCode", "amount") values (60, 16, 1, 3);
insert into purchases ("purchaseId", "contractId", "productCode", "amount") values (61, 5, 17, 1);
insert into purchases ("purchaseId", "contractId", "productCode", "amount") values (62, 18, 29, 1);
insert into purchases ("purchaseId", "contractId", "productCode", "amount") values (63, 26, 47, 2);
insert into purchases ("purchaseId", "contractId", "productCode", "amount") values (64, 61, 20, 3);
insert into purchases ("purchaseId", "contractId", "productCode", "amount") values (65, 21, 29, 1);
insert into purchases ("purchaseId", "contractId", "productCode", "amount") values (66, 1, 38, 2);
insert into purchases ("purchaseId", "contractId", "productCode", "amount") values (67, 24, 18, 2);
insert into purchases ("purchaseId", "contractId", "productCode", "amount") values (68, 4, 23, 2);
insert into purchases ("purchaseId", "contractId", "productCode", "amount") values (69, 57, 49, 1);
insert into purchases ("purchaseId", "contractId", "productCode", "amount") values (70, 16, 46, 1);
insert into purchases ("purchaseId", "contractId", "productCode", "amount") values (71, 66, 45, 2);
insert into purchases ("purchaseId", "contractId", "productCode", "amount") values (72, 36, 35, 2);
insert into purchases ("purchaseId", "contractId", "productCode", "amount") values (73, 6, 12, 3);
insert into purchases ("purchaseId", "contractId", "productCode", "amount") values (74, 30, 41, 3);
insert into purchases ("purchaseId", "contractId", "productCode", "amount") values (75, 56, 28, 1);
insert into purchases ("purchaseId", "contractId", "productCode", "amount") values (76, 36, 49, 2);
insert into purchases ("purchaseId", "contractId", "productCode", "amount") values (77, 32, 24, 2);
insert into purchases ("purchaseId", "contractId", "productCode", "amount") values (78, 68, 5, 3);
insert into purchases ("purchaseId", "contractId", "productCode", "amount") values (79, 14, 11, 1);
insert into purchases ("purchaseId", "contractId", "productCode", "amount") values (80, 26, 47, 2);
insert into purchases ("purchaseId", "contractId", "productCode", "amount") values (81, 44, 6, 1);
insert into purchases ("purchaseId", "contractId", "productCode", "amount") values (82, 35, 31, 1);
insert into purchases ("purchaseId", "contractId", "productCode", "amount") values (83, 16, 47, 2);
insert into purchases ("purchaseId", "contractId", "productCode", "amount") values (84, 50, 26, 3);
insert into purchases ("purchaseId", "contractId", "productCode", "amount") values (85, 66, 47, 3);
insert into purchases ("purchaseId", "contractId", "productCode", "amount") values (86, 15, 43, 1);
insert into purchases ("purchaseId", "contractId", "productCode", "amount") values (87, 60, 45, 1);
insert into purchases ("purchaseId", "contractId", "productCode", "amount") values (88, 9, 27, 3);
insert into purchases ("purchaseId", "contractId", "productCode", "amount") values (89, 53, 18, 3);
insert into purchases ("purchaseId", "contractId", "productCode", "amount") values (90, 32, 5, 1);
insert into purchases ("purchaseId", "contractId", "productCode", "amount") values (91, 32, 19, 2);
insert into purchases ("purchaseId", "contractId", "productCode", "amount") values (92, 70, 13, 3);
insert into purchases ("purchaseId", "contractId", "productCode", "amount") values (93, 6, 39, 1);
insert into purchases ("purchaseId", "contractId", "productCode", "amount") values (94, 37, 23, 3);
insert into purchases ("purchaseId", "contractId", "productCode", "amount") values (95, 18, 34, 3);
insert into purchases ("purchaseId", "contractId", "productCode", "amount") values (96, 68, 7, 1);
insert into purchases ("purchaseId", "contractId", "productCode", "amount") values (97, 11, 22, 2);
insert into purchases ("purchaseId", "contractId", "productCode", "amount") values (98, 53, 39, 2);
insert into purchases ("purchaseId", "contractId", "productCode", "amount") values (99, 41, 29, 3);
insert into purchases ("purchaseId", "contractId", "productCode", "amount") values (100, 50, 38, 3);
